date,London,Durham,Halton,Hamilton,Ottawa,Waterloo,Windsor
2021-03-08,6058.0,11754.0,8920.0,10003.0,14521.0,10286.0,12643.0
2021-03-07,6051.0,11745.0,8894.0,10002.0,14507.0,10273.0,12629.0
2021-03-06,6047.0,11690.0,8882.0,10000.0,14485.0,10253.0,12623.0
2021-03-05,6045.0,11648.0,8869.0,9969.0,14476.0,10241.0,12618.0
2021-03-04,6044.0,11638.0,8859.0,9964.0,14454.0,10231.0,12617.0
2021-03-03,6033.0,11611.0,8858.0,9937.0,14434.0,10216.0,12601.0
2021-03-02,6031.0,11597.0,8855.0,9933.0,14412.0,10213.0,12596.0
2021-03-01,6018.0,11571.0,8845.0,9921.0,14372.0,10192.0,12590.0
2021-02-28,6016.0,11541.0,8829.0,9919.0,14335.0,10164.0,12584.0
2021-02-27,6015.0,11518.0,8814.0,9904.0,14312.0,10145.0,12582.0
2021-02-26,6007.0,11501.0,8788.0,9903.0,14290.0,10115.0,12565.0
2021-02-25,6002.0,11473.0,8772.0,9887.0,14247.0,10101.0,12555.0
2021-02-24,6002.0,11442.0,8760.0,9871.0,14217.0,10064.0,12541.0
2021-02-23,5997.0,11424.0,8747.0,9861.0,14176.0,10032.0,12532.0
2021-02-22,5990.0,11397.0,8739.0,9856.0,14156.0,10026.0,12511.0
2021-02-21,5978.0,11372.0,8732.0,9846.0,14145.0,10016.0,12493.0
2021-02-20,5975.0,11348.0,8723.0,9839.0,14106.0,10011.0,12488.0
2021-02-19,5971.0,11317.0,8714.0,9839.0,14053.0,10006.0,12472.0
2021-02-18,5960.0,11274.0,8702.0,9802.0,14016.0,9990.0,12462.0
2021-02-17,5960.0,11245.0,8690.0,9781.0,13974.0,9971.0,12454.0
2021-02-16,5950.0,11230.0,8675.0,9764.0,13948.0,9960.0,12452.0
2021-02-15,5950.0,11209.0,8666.0,9756.0,13898.0,9955.0,12443.0
2021-02-14,5950.0,11191.0,8636.0,9751.0,13873.0,9941.0,12443.0
2021-02-13,5950.0,11191.0,8636.0,9751.0,13873.0,9941.0,12443.0
2021-02-12,5941.0,11165.0,8616.0,9733.0,13852.0,9923.0,12434.0
2021-02-11,5911.0,11131.0,8583.0,9706.0,13803.0,9884.0,12380.0
2021-02-10,5898.0,11090.0,8559.0,9664.0,13750.0,9828.0,12343.0
2021-02-09,5872.0,11042.0,8516.0,9622.0,13708.0,9761.0,12326.0
2021-02-08,5852.0,11017.0,8481.0,9584.0,13665.0,9726.0,12292.0
2021-02-07,5833.0,10999.0,8440.0,9549.0,13639.0,9688.0,12274.0
2021-02-06,5818.0,10964.0,8403.0,9535.0,13606.0,9648.0,12246.0
2021-02-05,5777.0,10910.0,8359.0,9472.0,13548.0,9603.0,12226.0
2021-02-04,5749.0,10856.0,8319.0,9412.0,13473.0,9526.0,12197.0
2021-02-03,5719.0,10814.0,8260.0,9344.0,13422.0,9479.0,12160.0
2021-02-02,5700.0,10759.0,8169.0,9293.0,13366.0,9411.0,12125.0
2021-02-01,5662.0,10723.0,8110.0,9232.0,13309.0,9379.0,12083.0
2021-01-31,5645.0,10674.0,8076.0,9179.0,13276.0,9358.0,12060.0
2021-01-30,5627.0,10607.0,8026.0,9136.0,13251.0,9312.0,12028.0
2021-01-29,5581.0,10548.0,7973.0,9075.0,13210.0,9251.0,11971.0
2021-01-28,5552.0,10465.0,7930.0,9018.0,13138.0,9188.0,11927.0
2021-01-27,5515.0,10380.0,7866.0,8924.0,13093.0,9132.0,11860.0
2021-01-26,5479.0,10317.0,7818.0,8840.0,13011.0,9057.0,11823.0
2021-01-25,5445.0,10266.0,7769.0,8781.0,12979.0,8980.0,11764.0
2021-01-24,5399.0,10204.0,7715.0,8726.0,12928.0,8941.0,11679.0
2021-01-23,5354.0,10125.0,7637.0,8628.0,12829.0,8863.0,11606.0
2021-01-22,5299.0,10057.0,7560.0,8521.0,12728.0,8777.0,11506.0
2021-01-21,5234.0,9977.0,7458.0,8443.0,12653.0,8649.0,11388.0
2021-01-20,5158.0,9885.0,7406.0,8374.0,12491.0,8531.0,11296.0
2021-01-19,5093.0,9815.0,7355.0,8299.0,12405.0,8430.0,11117.0
2021-01-18,5020.0,9733.0,7284.0,8236.0,12364.0,8351.0,11036.0
2021-01-17,4953.0,9657.0,7205.0,8115.0,12272.0,8266.0,10939.0
2021-01-16,4787.0,9560.0,7146.0,8024.0,12128.0,8122.0,10685.0
2021-01-15,4727.0,9398.0,7085.0,7971.0,11976.0,7990.0,10570.0
2021-01-14,4666.0,9285.0,7004.0,7833.0,11843.0,7829.0,10422.0
2021-01-13,4564.0,9192.0,6919.0,7726.0,11699.0,7729.0,10154.0
2021-01-12,4461.0,9073.0,6831.0,7555.0,11545.0,7583.0,9909.0
2021-01-11,4387.0,8998.0,6784.0,7469.0,11477.0,7417.0,9751.0
2021-01-10,4246.0,8855.0,6703.0,7323.0,11318.0,7252.0,9633.0
2021-01-09,4073.0,8665.0,6585.0,7259.0,11189.0,7032.0,9410.0
2021-01-08,3993.0,8499.0,6507.0,7192.0,11010.0,6916.0,9128.0
2021-01-06,3940.0,8329.0,6373.0,7016.0,10856.0,6769.0,8944.0
2021-01-05,3824.0,8155.0,6278.0,6870.0,10692.0,6594.0,8736.0
2021-01-04,3787.0,8062.0,6253.0,6828.0,10637.0,6508.0,8689.0
2021-01-03,3631.0,7931.0,6138.0,6708.0,10530.0,6377.0,8557.0
2021-01-02,3507.0,7786.0,6019.0,6558.0,10433.0,6240.0,8405.0
2021-01-01,3438.0,7604.0,5951.0,6443.0,10340.0,6142.0,8271.0
2020-12-31,3357.0,7466.0,5832.0,6316.0,10216.0,5996.0,8091.0
2020-12-30,3282.0,7322.0,5700.0,6165.0,10103.0,5901.0,7807.0
2020-12-29,3216.0,7182.0,5604.0,6012.0,9969.0,5837.0,7620.0
2020-12-28,3083.0,7040.0,5544.0,5863.0,9829.0,5713.0,7420.0
2020-12-27,2999.0,6919.0,5430.0,5727.0,9776.0,5639.0,7208.0
2020-12-26,2908.0,6848.0,5345.0,5593.0,9715.0,5588.0,6988.0
2020-12-25,2823.0,6794.0,5246.0,5502.0,9676.0,5533.0,6830.0
2020-12-24,2775.0,6715.0,5184.0,5407.0,9605.0,5469.0,6637.0
2020-12-23,2733.0,6648.0,5096.0,5329.0,9533.0,5387.0,6503.0
2020-12-22,2682.0,6557.0,5019.0,5251.0,9481.0,5289.0,6385.0
2020-12-21,2598.0,6435.0,4951.0,5134.0,9407.0,5200.0,6176.0
2020-12-20,2530.0,6320.0,4892.0,5045.0,9376.0,5106.0,6030.0
2020-12-19,2443.0,6222.0,4809.0,4962.0,9351.0,5022.0,5831.0
2020-12-18,2375.0,6157.0,4727.0,4856.0,9306.0,4924.0,5675.0
2020-12-17,2301.0,6058.0,4640.0,4765.0,9280.0,4832.0,5539.0
2020-12-16,2228.0,5960.0,4579.0,4600.0,9221.0,4741.0,5324.0
2020-12-15,2171.0,5867.0,4494.0,4501.0,9166.0,4667.0,5143.0
2020-12-14,2145.0,5745.0,4412.0,4412.0,9116.0,4580.0,4949.0
2020-12-13,2105.0,5656.0,4362.0,4335.0,9097.0,4530.0,4852.0
2020-12-12,2057.0,5589.0,4289.0,4240.0,9066.0,4449.0,4681.0
2020-12-11,2019.0,5501.0,4247.0,4103.0,9010.0,4386.0,4602.0
2020-12-10,1987.0,5422.0,4178.0,4017.0,8960.0,4323.0,4502.0
2020-12-09,1950.0,5337.0,4134.0,3917.0,8907.0,4232.0,4416.0
2020-12-08,1914.0,5270.0,4070.0,3852.0,8865.0,4172.0,4335.0
2020-12-07,1851.0,5205.0,4011.0,3786.0,8806.0,4113.0,4210.0
2020-12-06,1831.0,5120.0,3923.0,3686.0,8784.0,4055.0,4113.0
2020-12-05,1791.0,5035.0,3865.0,3643.0,8751.0,3997.0,4043.0
2020-12-04,1757.0,4874.0,3810.0,3557.0,8706.0,3930.0,3981.0
2020-12-03,1741.0,4827.0,3757.0,3479.0,8653.0,3899.0,3914.0
2020-12-02,1703.0,4720.0,3692.0,3398.0,8611.0,3835.0,3845.0
2020-12-01,1665.0,4677.0,3638.0,3344.0,8559.0,3769.0,3799.0
2020-11-30,1618.0,4570.0,3573.0,3285.0,8523.0,3674.0,3751.0
2020-11-29,1584.0,4480.0,3524.0,3223.0,8478.0,3603.0,3699.0
2020-11-28,1567.0,4433.0,3474.0,3165.0,8455.0,3545.0,3642.0
2020-11-27,1551.0,4306.0,3438.0,3111.0,8396.0,3468.0,3578.0
2020-11-26,1533.0,4238.0,3410.0,3021.0,8339.0,3376.0,3538.0
2020-11-25,1515.0,4194.0,3321.0,2918.0,8279.0,3298.0,3479.0
2020-11-24,1499.0,4129.0,3214.0,2864.0,8240.0,3229.0,3441.0
2020-11-23,1481.0,4094.0,3188.0,2800.0,8218.0,3151.0,3392.0
2020-11-22,1464.0,4064.0,3161.0,2752.0,8198.0,3086.0,3341.0
2020-11-21,1454.0,4034.0,3133.0,2713.0,8172.0,3019.0,3303.0
2020-11-20,1438.0,3997.0,3088.0,2676.0,8145.0,2956.0,3271.0
2020-11-19,1428.0,3939.0,3038.0,2618.0,8115.0,2907.0,3223.0
2020-11-18,1402.0,3906.0,2988.0,2559.0,8062.0,2869.0,3171.0
2020-11-17,1380.0,3822.0,2948.0,2522.0,7996.0,2841.0,3131.0
2020-11-16,1361.0,3791.0,2906.0,2490.0,7958.0,2802.0,3111.0
2020-11-15,1358.0,3732.0,2848.0,2452.0,7948.0,2749.0,3094.0
2020-11-14,1352.0,3685.0,2791.0,2420.0,7919.0,2697.0,3080.0
2020-11-13,1337.0,3624.0,2740.0,2380.0,7868.0,2630.0,3063.0
2020-11-12,1314.0,3572.0,2683.0,2354.0,7787.0,2574.0,3035.0
2020-11-11,1307.0,3524.0,2626.0,2315.0,7730.0,2522.0,3000.0
2020-11-10,1284.0,3463.0,2585.0,2276.0,7652.0,2475.0,2972.0
2020-11-09,1270.0,3403.0,2527.0,2235.0,7601.0,2429.0,2943.0
2020-11-08,1260.0,3349.0,2495.0,2197.0,7570.0,2387.0,2939.0
2020-11-07,1241.0,3326.0,2442.0,2136.0,7523.0,2349.0,2921.0
2020-11-06,1205.0,3292.0,2397.0,2085.0,7448.0,2314.0,2890.0
2020-11-05,1193.0,3254.0,2333.0,2035.0,7369.0,2286.0,2884.0
2020-11-04,1165.0,3216.0,2281.0,1982.0,7324.0,2251.0,2879.0
2020-11-03,1161.0,3191.0,2234.0,1941.0,7271.0,2230.0,2859.0
2020-11-02,1148.0,3165.0,2187.0,1913.0,7236.0,2206.0,2856.0
2020-11-01,1140.0,3103.0,2132.0,1882.0,7180.0,2185.0,2853.0
2020-10-31,1139.0,3039.0,2083.0,1852.0,7129.0,2168.0,2844.0
2020-10-30,1131.0,3016.0,2056.0,1817.0,7047.0,2146.0,2831.0
2020-10-29,1126.0,2984.0,2033.0,1782.0,6926.0,2127.0,2823.0
2020-10-28,1122.0,2966.0,1990.0,1750.0,6861.0,2107.0,2814.0
2020-10-27,1107.0,2934.0,1968.0,1733.0,6766.0,2094.0,2806.0
2020-10-26,1102.0,2844.0,1900.0,1684.0,6617.0,2085.0,2785.0
2020-10-25,1091.0,2821.0,1873.0,1643.0,6541.0,2081.0,2783.0
2020-10-24,1081.0,2769.0,1842.0,1630.0,6461.0,2060.0,2771.0
2020-10-23,1073.0,2718.0,1821.0,1620.0,6372.0,2046.0,2769.0
2020-10-22,1063.0,2680.0,1787.0,1605.0,6285.0,2033.0,2763.0
2020-10-21,1053.0,2651.0,1758.0,1585.0,6213.0,2024.0,2761.0
2020-10-20,1050.0,2608.0,1734.0,1551.0,6156.0,2009.0,2763.0
2020-10-19,1040.0,2576.0,1688.0,1515.0,6077.0,1995.0,2754.0
2020-10-18,1034.0,2560.0,1665.0,1498.0,6026.0,1981.0,2751.0
2020-10-17,1030.0,2515.0,1636.0,1487.0,5960.0,1977.0,2750.0
2020-10-16,1021.0,2485.0,1611.0,1475.0,5890.0,1958.0,2744.0
2020-10-15,1009.0,2458.0,1565.0,1453.0,5782.0,1946.0,2732.0
2020-10-14,1006.0,2418.0,1537.0,1434.0,5693.0,1933.0,2731.0
2020-10-13,1000.0,2396.0,1516.0,1393.0,5654.0,1910.0,2729.0
2020-10-12,957.0,2371.0,1467.0,1344.0,5419.0,1887.0,2707.0
2020-10-11,957.0,2371.0,1467.0,1344.0,5419.0,1887.0,2707.0
2020-10-10,957.0,2371.0,1467.0,1344.0,5419.0,1887.0,2707.0
2020-10-09,953.0,2363.0,1442.0,1342.0,5390.0,1878.0,2704.0
2020-10-08,950.0,2324.0,1401.0,1288.0,5287.0,1859.0,2696.0
2020-10-07,931.0,2305.0,1345.0,1262.0,5198.0,1845.0,2688.0
2020-10-06,926.0,2274.0,1319.0,1240.0,5018.0,1833.0,2686.0
2020-10-05,910.0,2261.0,1283.0,1222.0,4876.0,1820.0,2683.0
2020-10-04,900.0,2247.0,1263.0,1201.0,4792.0,1806.0,2669.0
2020-10-03,893.0,2235.0,1240.0,1187.0,4714.0,1785.0,2664.0
2020-10-02,886.0,2223.0,1223.0,1182.0,4648.0,1771.0,2657.0
2020-10-01,881.0,2211.0,1194.0,1168.0,4531.0,1753.0,2656.0
2020-09-30,879.0,2196.0,1182.0,1161.0,4425.0,1744.0,2653.0
2020-09-29,873.0,2169.0,1174.0,1151.0,4319.0,1726.0,2651.0
2020-09-28,864.0,2153.0,1155.0,1140.0,4266.0,1715.0,2645.0
2020-09-27,863.0,2131.0,1143.0,1130.0,4182.0,1708.0,2641.0
2020-09-26,856.0,2120.0,1126.0,1126.0,4071.0,1696.0,2636.0
2020-09-25,844.0,2103.0,1116.0,1105.0,3995.0,1686.0,2633.0
2020-09-24,837.0,2093.0,1108.0,1089.0,3937.0,1680.0,2632.0
2020-09-23,824.0,2088.0,1092.0,1085.0,3899.0,1675.0,2626.0
2020-09-22,822.0,2073.0,1083.0,1081.0,3834.0,1659.0,2623.0
2020-09-21,812.0,2062.0,1073.0,1074.0,3749.0,1639.0,2620.0
2020-09-20,804.0,2053.0,1056.0,1063.0,3695.0,1619.0,2618.0
2020-09-19,800.0,2044.0,1044.0,1055.0,3621.0,1595.0,2612.0
2020-09-18,793.0,2027.0,1029.0,1053.0,3574.0,1572.0,2610.0
2020-09-17,768.0,2010.0,971.0,1037.0,3485.0,1549.0,2602.0
2020-09-16,768.0,2010.0,971.0,1037.0,3485.0,1549.0,2602.0
2020-09-15,762.0,2008.0,959.0,1031.0,3446.0,1543.0,2595.0
2020-09-14,751.0,1977.0,945.0,1028.0,3334.0,1524.0,2583.0
2020-09-13,745.0,1968.0,938.0,1024.0,3274.0,1517.0,2579.0
2020-09-12,745.0,1963.0,930.0,1024.0,3227.0,1510.0,2566.0
2020-09-11,743.0,1953.0,927.0,1022.0,3200.0,1505.0,2559.0
2020-09-10,744.0,1944.0,921.0,1016.0,3163.0,1490.0,2554.0
2020-09-09,741.0,1931.0,917.0,1014.0,3151.0,1483.0,2549.0
2020-09-08,739.0,1927.0,910.0,1010.0,3135.0,1477.0,2547.0
2020-09-07,735.0,1920.0,901.0,1000.0,3073.0,1467.0,2539.0
2020-09-06,735.0,1920.0,901.0,1000.0,3073.0,1467.0,2539.0
2020-09-05,735.0,1916.0,896.0,996.0,3052.0,1466.0,2536.0
2020-09-04,735.0,1910.0,893.0,988.0,3022.0,1465.0,2533.0
2020-09-03,735.0,1908.0,890.0,983.0,3009.0,1464.0,2532.0
2020-09-02,730.0,1904.0,890.0,981.0,2987.0,1462.0,2527.0
2020-09-01,729.0,1898.0,888.0,976.0,2975.0,1457.0,2523.0
2020-08-31,729.0,1897.0,882.0,970.0,2967.0,1455.0,2512.0
2020-08-30,728.0,1892.0,881.0,970.0,2946.0,1455.0,2507.0
2020-08-30,728.0,1892.0,881.0,970.0,2946.0,1455.0,2507.0
2020-08-28,726.0,1882.0,878.0,964.0,2910.0,1447.0,2482.0
2020-08-27,726.0,1878.0,875.0,962.0,2893.0,1444.0,2478.0
2020-08-26,723.0,1868.0,869.0,965.0,2871.0,1442.0,2466.0
2020-08-25,722.0,1867.0,868.0,966.0,2855.0,1440.0,2464.0
2020-08-24,721.0,1867.0,868.0,966.0,2855.0,1440.0,2464.0
2020-08-23,721.0,1867.0,868.0,963.0,2844.0,1439.0,2463.0
2020-08-22,720.0,1866.0,865.0,961.0,2830.0,1438.0,2459.0
2020-08-21,718.0,1863.0,865.0,961.0,2815.0,1432.0,2452.0
2020-08-20,718.0,1857.0,862.0,956.0,2801.0,1431.0,2446.0
2020-08-19,718.0,1853.0,861.0,951.0,2776.0,1431.0,2444.0
2020-08-18,716.0,1849.0,859.0,946.0,2753.0,1425.0,2442.0
2020-08-17,710.0,1849.0,856.0,944.0,2737.0,1423.0,2440.0
2020-08-16,708.0,1848.0,855.0,941.0,2729.0,1420.0,2415.0
2020-08-15,706.0,1844.0,854.0,938.0,2703.0,1418.0,2409.0
2020-08-14,706.0,1842.0,852.0,931.0,2701.0,1415.0,2407.0
2020-08-13,694.0,1842.0,851.0,926.0,2695.0,1412.0,2405.0
2020-08-12,692.0,1841.0,851.0,919.0,2684.0,1409.0,2401.0
2020-08-11,690.0,1837.0,847.0,915.0,2672.0,1408.0,2393.0
2020-08-10,686.0,1833.0,847.0,909.0,2664.0,1404.0,2384.0
2020-08-09,683.0,1832.0,842.0,909.0,2654.0,1402.0,2370.0
2020-08-08,682.0,1830.0,842.0,906.0,2635.0,1399.0,2359.0
2020-08-07,681.0,1828.0,837.0,905.0,2621.0,1395.0,2355.0
2020-08-06,681.0,1827.0,837.0,902.0,2615.0,1395.0,2348.0
2020-08-05,680.0,1826.0,831.0,899.0,2601.0,1391.0,2347.0
2020-08-04,679.0,1821.0,830.0,896.0,2589.0,1391.0,2342.0
2020-08-03,678.0,1819.0,829.0,894.0,2569.0,1391.0,2341.0
2020-08-02,678.0,1818.0,828.0,892.0,2559.0,1389.0,2332.0
2020-08-01,675.0,1817.0,827.0,892.0,2556.0,1389.0,2325.0
2020-07-31,674.0,1811.0,826.0,887.0,2540.0,1388.0,2317.0
2020-07-30,673.0,1803.0,826.0,887.0,2522.0,1383.0,2299.0
2020-07-29,668.0,1803.0,826.0,886.0,2503.0,1383.0,2275.0
2020-07-28,668.0,1802.0,826.0,884.0,2483.0,1383.0,2265.0
2020-07-27,666.0,1798.0,826.0,883.0,2469.0,1382.0,2235.0
2020-07-26,666.0,1797.0,826.0,881.0,2447.0,1382.0,2211.0
2020-07-25,663.0,1796.0,826.0,880.0,2426.0,1382.0,2170.0
2020-07-24,661.0,1795.0,824.0,876.0,2400.0,1378.0,2147.0
2020-07-23,658.0,1794.0,823.0,875.0,2366.0,1376.0,2115.0
2020-07-22,651.0,1792.0,818.0,875.0,2336.0,1367.0,2062.0
2020-07-21,648.0,1789.0,816.0,874.0,2323.0,1366.0,2035.0
2020-07-20,647.0,1787.0,814.0,874.0,2300.0,1364.0,2008.0
2020-07-19,645.0,1785.0,812.0,874.0,2254.0,1358.0,1974.0
2020-07-18,645.0,1782.0,811.0,870.0,2225.0,1355.0,1956.0
2020-07-17,643.0,1779.0,808.0,868.0,2209.0,1353.0,1919.0
2020-07-16,640.0,1778.0,806.0,866.0,2191.0,1349.0,1872.0
2020-07-15,639.0,1774.0,804.0,862.0,2184.0,1347.0,1849.0
2020-07-14,639.0,1765.0,802.0,861.0,2169.0,1345.0,1832.0
2020-07-13,639.0,1760.0,797.0,859.0,2165.0,1344.0,1821.0
2020-07-12,639.0,1754.0,793.0,859.0,2160.0,1341.0,1808.0
2020-07-11,638.0,1751.0,792.0,857.0,2151.0,1339.0,1793.0
2020-07-10,633.0,1747.0,790.0,852.0,2144.0,1334.0,1787.0
2020-07-09,632.0,1742.0,787.0,851.0,2132.0,1331.0,1775.0
2020-07-08,631.0,1731.0,784.0,848.0,2127.0,1329.0,1766.0
2020-07-07,630.0,1725.0,783.0,846.0,2122.0,1327.0,1720.0
2020-07-06,628.0,1723.0,779.0,846.0,2116.0,1323.0,1673.0
2020-07-05,628.0,1718.0,772.0,844.0,2116.0,1321.0,1667.0
2020-07-04,628.0,1716.0,764.0,844.0,2111.0,1319.0,1660.0
2020-07-03,628.0,1710.0,761.0,840.0,2107.0,1315.0,1651.0
2020-07-02,628.0,1707.0,758.0,835.0,2103.0,1310.0,1617.0
2020-07-01,626.0,1703.0,755.0,833.0,2099.0,1308.0,1609.0
2020-06-30,625.0,1700.0,751.0,832.0,2095.0,1307.0,1606.0
2020-06-29,625.0,1698.0,750.0,831.0,2085.0,1298.0,1597.0
2020-06-28,624.0,1697.0,749.0,829.0,2084.0,1292.0,1575.0
2020-06-27,621.0,1687.0,745.0,822.0,2082.0,1282.0,1487.0
2020-06-26,616.0,1686.0,739.0,817.0,2079.0,1282.0,1390.0
2020-06-25,612.0,1683.0,734.0,816.0,2073.0,1279.0,1372.0
2020-06-24,611.0,1679.0,731.0,811.0,2067.0,1276.0,1366.0
2020-06-23,610.0,1677.0,729.0,802.0,2064.0,1266.0,1362.0
2020-06-22,609.0,1672.0,727.0,797.0,2060.0,1260.0,1356.0
2020-06-21,606.0,1670.0,718.0,793.0,2054.0,1252.0,1323.0
2020-06-20,605.0,1667.0,714.0,791.0,2053.0,1245.0,1292.0
2020-06-19,602.0,1665.0,710.0,787.0,2052.0,1238.0,1285.0
2020-06-18,602.0,1659.0,710.0,778.0,2047.0,1227.0,1258.0
2020-06-17,599.0,1652.0,706.0,777.0,2045.0,1224.0,1239.0
2020-06-16,594.0,1647.0,703.0,773.0,2036.0,1220.0,1233.0
2020-06-15,589.0,1645.0,701.0,762.0,2033.0,1218.0,1219.0
2020-06-14,584.0,1642.0,699.0,759.0,2031.0,1209.0,1193.0
2020-06-13,578.0,1637.0,697.0,757.0,2030.0,1203.0,1186.0
2020-06-12,575.0,1627.0,695.0,752.0,2024.0,1201.0,1174.0
2020-06-11,571.0,1623.0,682.0,749.0,2014.0,1188.0,1128.0
2020-06-10,567.0,1617.0,679.0,745.0,2009.0,1185.0,1114.0
2020-06-09,566.0,1609.0,672.0,740.0,2002.0,1181.0,1099.0
2020-06-08,558.0,1600.0,668.0,734.0,1999.0,1177.0,1061.0
2020-06-07,557.0,1584.0,663.0,733.0,1999.0,1175.0,1019.0
2020-06-06,552.0,1575.0,661.0,727.0,1995.0,1167.0,1009.0
2020-06-05,552.0,1563.0,658.0,724.0,1993.0,1165.0,1004.0
2020-06-04,548.0,1559.0,655.0,712.0,1978.0,1156.0,994.0
2020-06-03,547.0,1520.0,652.0,706.0,1970.0,1143.0,991.0
2020-06-02,545.0,1503.0,646.0,694.0,1962.0,1140.0,978.0
2020-06-01,540.0,1493.0,639.0,686.0,1954.0,1132.0,973.0
2020-05-31,538.0,1479.0,632.0,674.0,1949.0,1114.0,966.0
2020-05-30,535.0,1466.0,631.0,673.0,1939.0,1109.0,964.0
2020-05-29,530.0,1453.0,629.0,670.0,1924.0,1105.0,953.0
2020-05-28,519.0,1440.0,625.0,659.0,1917.0,1100.0,947.0
2020-05-27,511.0,1427.0,620.0,654.0,1913.0,1100.0,923.0
2020-05-26,508.0,1407.0,615.0,651.0,1905.0,1098.0,916.0
2020-05-25,504.0,1401.0,614.0,638.0,1889.0,1092.0,912.0
2020-05-24,500.0,1382.0,611.0,633.0,1883.0,1085.0,908.0
2020-05-23,499.0,1359.0,605.0,628.0,1875.0,1082.0,872.0
2020-05-22,494.0,1342.0,604.0,614.0,1869.0,1079.0,862.0
2020-05-21,490.0,1326.0,600.0,598.0,1862.0,1071.0,840.0
2020-05-20,490.0,1320.0,593.0,594.0,1851.0,1066.0,824.0
2020-05-19,484.0,1298.0,588.0,593.0,1835.0,1056.0,803.0
2020-05-18,481.0,1286.0,586.0,589.0,1812.0,1049.0,792.0
2020-05-17,472.0,1272.0,582.0,583.0,1786.0,1043.0,781.0
2020-05-16,470.0,1247.0,557.0,575.0,1772.0,1025.0,771.0
2020-05-15,466.0,1228.0,552.0,572.0,1753.0,1007.0,764.0
2020-05-14,464.0,1211.0,544.0,512.0,1736.0,994.0,759.0
2020-05-13,461.0,1201.0,526.0,496.0,1711.0,986.0,748.0
2020-05-12,459.0,1194.0,521.0,484.0,1690.0,977.0,742.0
2020-05-11,456.0,1175.0,515.0,477.0,1677.0,964.0,729.0
2020-05-10,454.0,1166.0,512.0,471.0,1663.0,953.0,723.0
2020-05-09,441.0,1161.0,511.0,467.0,1638.0,948.0,702.0
2020-05-08,436.0,1149.0,507.0,463.0,1626.0,927.0,690.0
2020-05-07,436.0,1135.0,503.0,457.0,1609.0,907.0,682.0
2020-05-06,434.0,1129.0,501.0,455.0,1577.0,892.0,671.0
2020-05-05,429.0,1107.0,495.0,449.0,1554.0,877.0,663.0
2020-05-04,422.0,1080.0,477.0,445.0,1525.0,864.0,654.0
2020-05-03,421.0,1071.0,474.0,444.0,1511.0,818.0,638.0
2020-05-02,414.0,1043.0,472.0,438.0,1488.0,799.0,620.0
2020-05-01,411.0,1022.0,465.0,433.0,1466.0,782.0,611.0
2020-04-30,407.0,993.0,457.0,428.0,1424.0,772.0,602.0
2020-04-29,400.0,966.0,452.0,421.0,1394.0,748.0,592.0
2020-04-28,391.0,928.0,438.0,415.0,1365.0,735.0,583.0
2020-04-27,382.0,915.0,431.0,406.0,1300.0,708.0,578.0
2020-04-26,372.0,897.0,426.0,402.0,1213.0,685.0,566.0
2020-04-25,370.0,878.0,421.0,386.0,1125.0,677.0,554.0
2020-04-24,362.0,845.0,416.0,380.0,1072.0,637.0,547.0
2020-04-23,355.0,826.0,411.0,359.0,1034.0,613.0,538.0
2020-04-22,345.0,796.0,405.0,353.0,984.0,587.0,523.0
2020-04-21,341.0,769.0,387.0,344.0,949.0,560.0,516.0
2020-04-20,332.0,737.0,382.0,340.0,898.0,528.0,505.0
2020-04-19,321.0,693.0,378.0,327.0,882.0,502.0,482.0
2020-04-18,304.0,651.0,374.0,317.0,844.0,487.0,462.0
2020-04-17,287.0,597.0,365.0,312.0,813.0,476.0,454.0
2020-04-16,280.0,544.0,356.0,306.0,741.0,405.0,440.0
2020-04-15,256.0,518.0,349.0,297.0,720.0,384.0,432.0
2020-04-14,248.0,471.0,342.0,267.0,660.0,379.0,378.0
2020-04-13,245.0,452.0,335.0,254.0,628.0,362.0,336.0
2020-04-12,232.0,422.0,326.0,241.0,612.0,321.0,315.0
2020-04-11,212.0,369.0,282.0,236.0,577.0,271.0,312.0
2020-04-10,194.0,348.0,269.0,217.0,546.0,258.0,296.0
2020-04-09,180.0,334.0,260.0,213.0,509.0,244.0,287.0
2020-04-08,167.0,311.0,249.0,199.0,484.0,233.0,257.0
2020-04-07,159.0,293.0,226.0,189.0,458.0,214.0,244.0
2020-04-06,150.0,283.0,219.0,181.0,433.0,202.0,224.0
2020-04-05,135.0,260.0,198.0,168.0,393.0,184.0,191.0
2020-04-04,133.0,249.0,182.0,159.0,353.0,172.0,176.0
2020-04-03,113.0,240.0,171.0,146.0,335.0,155.0,159.0
2020-04-02,91.0,211.0,146.0,135.0,309.0,143.0,137.0
2020-04-01,78.0,190.0,124.0,124.0,277.0,131.0,118.0
2020-03-31,66.0,163.0,96.0,112.0,241.0,117.0,93.0
2020-03-30,53.0,146.0,80.0,95.0,190.0,105.0,69.0
2020-03-29,39.0,118.0,66.0,87.0,142.0,96.0,54.0
2020-03-28,34.0,107.0,56.0,71.0,133.0,88.0,51.0
2020-03-27,25.0,101.0,41.0,58.0,107.0,81.0,50.0
2020-03-26,24.0,87.0,36.0,50.0,80.0,68.0,50.0
2020-03-25,22.0,65.0,33.0,45.0,61.0,62.0,48.0
2020-03-24,20.0,56.0,32.0,41.0,53.0,58.0,36.0
2020-03-23,16.0,49.0,31.0,37.0,45.0,45.0,19.0
2020-03-22,15.0,38.0,28.0,32.0,36.0,36.0,16.0
2020-03-21,11.0,35.0,25.0,30.0,29.0,24.0,16.0
2020-03-20,11.0,28.0,22.0,26.0,25.0,17.0,9.0
2020-03-19,8.0,23.0,21.0,24.0,23.0,15.0,9.0
2020-03-18,4.0,17.0,21.0,23.0,22.0,15.0,7.0
2020-03-17,4.0,12.0,20.0,20.0,18.0,15.0,4.0
2020-03-16,3.0,11.0,15.0,17.0,13.0,13.0,2.0
2020-03-15,1.0,10.0,12.0,10.0,13.0,11.0,0.0
2020-03-14,1.0,10.0,11.0,8.0,9.0,11.0,0.0
2020-03-13,1.0,4.0,11.0,6.0,5.0,10.0,0.0
2020-03-12,1.0,2.0,5.0,1.0,4.0,9.0,0.0
2020-03-11,0.0,2.0,4.0,1.0,1.0,7.0,0.0
2020-03-10,0.0,2.0,1.0,1.0,1.0,3.0,0.0
2020-03-09,0.0,2.0,1.0,0.0,1.0,1.0,0.0
2020-03-08,0.0,2.0,1.0,0.0,0.0,1.0,0.0
2020-03-07,0.0,2.0,0.0,0.0,0.0,1.0,0.0
2020-03-06,0.0,2.0,0.0,0.0,0.0,1.0,0.0
2020-03-05,0.0,2.0,0.0,0.0,0.0,1.0,0.0
2020-03-04,0.0,2.0,0.0,0.0,0.0,1.0,0.0
2020-03-03,0.0,2.0,0.0,0.0,0.0,1.0,0.0
2020-03-01,0.0,2.0,0.0,0.0,0.0,0.0,0.0
2020-02-29,0.0,2.0,0.0,0.0,0.0,0.0,0.0
2020-02-28,0.0,2.0,0.0,0.0,0.0,0.0,0.0
2020-02-27,0.0,0.0,0.0,0.0,0.0,0.0,0.0
2020-02-26,0.0,0.0,0.0,0.0,0.0,0.0,0.0
2020-02-25,0.0,0.0,0.0,0.0,0.0,0.0,0.0
